epoch,10,11,12,13___Tail,1___Head,2,3,4,5,6,7___Midpoint,8,9,loss,lr,ohkm,val_10,val_11,val_12,val_13___Tail,val_1___Head,val_2,val_3,val_4,val_5,val_6,val_7___Midpoint,val_8,val_9,val_loss,val_ohkm
0,0.0019148342544212937,0.0019224710995331407,0.0019332420779392123,0.0019403245532885194,0.001933664781972766,0.001929188845679164,0.0019186482531949878,0.0019163915421813726,0.0019180543022230268,0.0019164724508300424,0.0019139274954795837,0.0019120408687740564,0.0019104514503851533,0.011587998829782009,1e-04,0.009666485711932182,0.0018383900169283152,0.001873256522230804,0.001908673089928925,0.001944085001014173,0.0019165725680068135,0.0019078511977568269,0.001862019533291459,0.0018441275460645556,0.001858559437096119,0.0018549718661233783,0.0018342514522373676,0.0018385655712336302,0.0018381188856437802,0.011382190510630608,0.009511464275419712
1,0.001783303334377706,0.001835297211073339,0.001876506838016212,0.0019248323515057564,0.00192203966435045,0.001885776873677969,0.001832038862630725,0.0017957978416234255,0.0017787724500522017,0.0017622018931433558,0.0017387380357831717,0.0017246596980839968,0.0017344439402222633,0.01117641944438219,1e-04,0.009361466392874718,0.0017623523017391562,0.0017858606297522783,0.0018303781980648637,0.0019156137714162469,0.0019004758214578032,0.0018442602595314384,0.0017715614521875978,0.0017731584375724196,0.001764887128956616,0.0017337854951620102,0.0016903738724067807,0.001677182037383318,0.0016845945501700044,0.010982207953929901,0.009202632121741772
2,0.0017033371841534972,0.001706486102193594,0.0017409457359462976,0.00183073990046978,0.0018618301255628467,0.001746988738887012,0.0016852853586897254,0.0016985592665150762,0.0016632997430860996,0.0016150930896401405,0.0015948483487591147,0.001586419646628201,0.0016541689401492476,0.010557613335549831,1e-04,0.008858541958034039,0.0016217619413509965,0.0016597206704318523,0.0016644449206069112,0.0017248819349333644,0.0018036755500361323,0.001646016607992351,0.0016095273895189166,0.001607521204277873,0.0015804532449692488,0.001524898805655539,0.0015274457400664687,0.0015076185809448361,0.0016212097834795713,0.010157536715269089,0.008534523658454418
3,0.00155013392213732,0.0016062967479228973,0.001623024931177497,0.001690934062935412,0.0017640914302319288,0.001617994043044746,0.0015841092681512237,0.0015675561735406518,0.0015570723917335272,0.0014701727777719498,0.0014428043505176902,0.0014523915015161037,0.001555734546855092,0.009887423366308212,1e-04,0.008311856538057327,0.0015278250211849809,0.0016214444767683744,0.001601514290086925,0.0016300014685839415,0.0016997348284348845,0.0015862659784033895,0.0015727709978818893,0.001528445165604353,0.0014687598450109363,0.0014245117781683803,0.0013826414942741394,0.001406433410011232,0.0014967797324061394,0.009662756696343422,0.008128361776471138
4,0.0014568375190719962,0.0015208277618512511,0.0015244517708197236,0.0015988019295036793,0.0016715375240892172,0.0015203276416286826,0.0015092251123860478,0.0014757881872355938,0.0014424670953303576,0.0013751256046816707,0.0013388358056545258,0.0013803686015307903,0.001459162449464202,0.00935821607708931,1e-04,0.007875613868236542,0.0013896877644583583,0.0014604186872020364,0.001458968035876751,0.0015446296893060207,0.0016434750286862254,0.0014746267115697265,0.0014641628367826343,0.0014099916443228722,0.0013535572215914726,0.001310775289312005,0.0012689055874943733,0.0013187344884499907,0.0013647450832650065,0.009029317647218704,0.007609110325574875
5,0.001384163275361061,0.0014468854060396552,0.0014570553321391344,0.00153503124602139,0.0016002047341316938,0.0014339493354782462,0.0014307871460914612,0.0014045254793018103,0.0013256109086796641,0.0012926071649417281,0.0012519251322373748,0.001312796026468277,0.001362327137030661,0.008927027694880962,1e-04,0.0075241136364638805,0.0012956559658050537,0.0013673830544576049,0.001370818354189396,0.0014761725906282663,0.0015902906889095902,0.0014179456047713757,0.0013368130894377828,0.0013166706776246428,0.0011629904620349407,0.0012391938362270594,0.0012217406183481216,0.001269342377781868,0.0012634415179491043,0.008571339771151543,0.007238383870571852
6,0.0012283270480111241,0.0012872579973191023,0.0013286719331517816,0.0014748324174433947,0.001547170104458928,0.001345586497336626,0.0012619479093700647,0.0012372495839372277,0.0011633324902504683,0.0011883600382134318,0.0011674007400870323,0.0012403406435623765,0.0012493252288550138,0.008315862156450748,1e-04,0.007029724773019552,0.0011201543966308236,0.0012101727770641446,0.001300250762142241,0.0014697383157908916,0.0014754771254956722,0.0012930858647450805,0.0011367544066160917,0.0011377708287909627,0.0010253465734422207,0.0011933607747778296,0.0011419212678447366,0.0011534892255440354,0.0011182451853528619,0.007962171919643879,0.006748650688678026
7,0.0011313807917758822,0.0011775951134040952,0.0012033330276608467,0.001360956346616149,0.0014231298118829727,0.0012115759309381247,0.0011385874822735786,0.0010953722521662712,0.0010693707736209035,0.0010758425341919065,0.0010560235241428018,0.0011221792083233595,0.0011368741979822516,0.007626475300639868,1e-04,0.006457075942307711,0.0011266758665442467,0.0011703615309670568,0.001170485746115446,0.0013201283290982246,0.0013968903804197907,0.0011750520206987858,0.0010512775043025613,0.001049824757501483,0.0010312199592590332,0.0010825241915881634,0.0010583791881799698,0.0010951485019177198,0.0011322825448587537,0.0074380808509886265,0.006294985767453909
8,0.001033657230436802,0.0010810818057507277,0.0011124713346362114,0.0012527060462161899,0.0013115484034642577,0.0011168380733579397,0.0010389136150479317,0.0010000707115978003,0.0009897643467411399,0.0009890641085803509,0.0009492762619629502,0.0010119749931618571,0.001035350956954062,0.007027861196547747,1e-04,0.005956882145255804,0.001028354512527585,0.0010813964763656259,0.0011075345100834966,0.0012310772435739636,0.001292856759391725,0.0010869945399463177,0.0009748971206136048,0.0009749215678311884,0.0009641695069149137,0.0010020325426012278,0.0009439688292331994,0.0009726242860779166,0.0010084008099511266,0.006863011978566647,0.005811532959342003
9,0.000989820808172226,0.0010364785557612777,0.0010630815522745252,0.001180845545604825,0.0012304031988605857,0.0010573369218036532,0.0009892195230349898,0.0009494019323028624,0.0009335434879176319,0.0009290362359024584,0.0008640944724902511,0.0009446304175071418,0.0009764651767909527,0.006651506293565035,1e-04,0.005640403833240271,0.0009551981347613037,0.0010004255454987288,0.0010432812850922346,0.0011616299161687493,0.0013021552003920078,0.0010880541522055864,0.000992423272691667,0.0009426872711628675,0.0009385940502397716,0.0009412153158336878,0.0008761122007854283,0.0009147485834546387,0.0009406267781741917,0.006666288245469332,0.005658813286572695
10,0.00098765071015805,0.0010298857232555747,0.001064474112354219,0.0011753500439226627,0.0012346836738288403,0.00106897356454283,0.001001492259092629,0.0009556145523674786,0.0009386117453686893,0.000916364137083292,0.0008412887109443545,0.0009381042327731848,0.0009775847429409623,0.006647688336670399,1e-04,0.005637684371322393,0.000965924235060811,0.0010364139452576637,0.0010146877029910684,0.001127003924921155,0.0011955630034208298,0.0010136672062799335,0.0009559937752783298,0.0009459558059461415,0.0009002370061352849,0.0008552222279831767,0.0008201017044484615,0.0008499316754750907,0.0009179670014418662,0.00640516635030508,0.005436039064079523
11,0.000947769614867866,0.000982755096629262,0.0010141556849703193,0.0011191332014277577,0.0011725705116987228,0.0010155350901186466,0.000957423122599721,0.0009224273380823433,0.0009078412549570203,0.0008827808196656406,0.0007835361175239086,0.0009069379884749651,0.0009419111302122474,0.006370957940816879,1e-04,0.00540520716458559,0.000981594668701291,0.0010276447283104062,0.0010276476386934519,0.0011540891136974096,0.0012121699983254075,0.0010315208928659558,0.0009689704747870564,0.0009615306043997407,0.0009372635977342725,0.0008914039935916662,0.0008283377392217517,0.0009216546313837171,0.0009604032966308296,0.006555942818522453,0.005563307553529739
12,0.0009288382134400308,0.000964587670750916,0.0010034468723461032,0.0011098324321210384,0.0011369518470019102,0.001001718919724226,0.0009430478676222265,0.0009030101355165243,0.000883940898347646,0.0008526059682480991,0.0007572086178697646,0.000878971244674176,0.0009203459485433996,0.006248716730624437,1e-04,0.0053037540055811405,0.0009323371923528612,0.0009735400672070682,0.0010089066345244646,0.0011300338665023446,0.0011368540581315756,0.0009888752829283476,0.0009280859958380461,0.0009182123467326164,0.0008671931573189795,0.0008420412195846438,0.0007733823731541634,0.0008484499994665384,0.0009004847379401326,0.006272908300161362,0.005330723710358143
13,0.0008812969899736345,0.000921044556889683,0.0009613168076612055,0.0010670634219422936,0.001104250899516046,0.0009617619798518717,0.000902513274922967,0.0008651367970742285,0.0008481320692226291,0.0008187845814973116,0.0007207486196421087,0.0008389808353967965,0.0008713419665582478,0.00598654430359602,1e-04,0.005081743933260441,0.0009087271755561233,0.0009916441049426794,0.0010013305582106113,0.001109532779082656,0.0010824979981407523,0.0009534842683933675,0.0008870886522345245,0.0008591274963691831,0.0008370658615604043,0.0008088158210739493,0.0007745432085357606,0.0008157773991115391,0.0008609641809016466,0.0060889204032719135,0.005174259189516306
14,0.0009024899918586016,0.0009377097012475133,0.0009739099768921733,0.0010811327956616879,0.0011021611280739307,0.0009707082062959671,0.0009149581892415881,0.0008727618842385709,0.0008473503985442221,0.0008042916306294501,0.0006988768582232296,0.0008352551958523691,0.0008816380868665874,0.006031613796949387,1e-04,0.005122135393321514,0.0009673796594142914,0.00101677724160254,0.001031014253385365,0.0011263767955824733,0.0011718353489413857,0.0010089167626574636,0.0009513290715403855,0.0009394096559844911,0.000911147624719888,0.0008602440939284861,0.000786182819865644,0.0008530514314770699,0.0009231177973560989,0.006411598064005375,0.005446460098028183
15,0.0008806631667539477,0.0009133691200986505,0.0009466300834901631,0.0010485992534086108,0.001070939120836556,0.000936176918912679,0.000884170294739306,0.0008442230173386633,0.0008287794189527631,0.0007994165644049644,0.0006818810943514109,0.0008200769079849124,0.0008555350359529257,0.005883541889488697,1e-04,0.004998123273253441,0.0008721920312382281,0.0009066292550414801,0.0009380952105857432,0.0010649266187101603,0.0010660752886906266,0.0008993275696411729,0.0008706109947524965,0.0008478315430693328,0.0008154402603395283,0.000734026834834367,0.0006936141289770603,0.0007559711229987442,0.0008482488919980824,0.005764026194810867,0.00489379744976759
16,0.0008691204129718244,0.0009058413561433554,0.0009516156860627234,0.0010518745984882116,0.001054538181051612,0.0009160267654806376,0.0008755053277127445,0.0008403162355534732,0.0008139475830830634,0.0007748763891868293,0.00067440967541188,0.0007930852007120848,0.0008472881745547056,0.005801634397357702,1e-04,0.004927138332277536,0.0008708594250492752,0.0009087658836506307,0.0009243771783076227,0.0010423868661746383,0.001089187222532928,0.0009249027352780104,0.0008673464180901647,0.0008440545643679798,0.0008345338865183294,0.0007637462695129216,0.0007202677661553025,0.0007812722469680011,0.0008538757101632655,0.00583595409989357,0.004957064054906368
17,0.0008803143864497542,0.0009153281571343541,0.0009516211575828493,0.0010437899036332965,0.0010522223310545087,0.0009343731799162924,0.0008870208403095603,0.0008455687202513218,0.0008181915036402643,0.0007736107800155878,0.0006519256276078522,0.0007883412763476372,0.0008504895959049463,0.00582306319847703,1e-04,0.004946689121425152,0.0008104621083475649,0.0008707489469088614,0.0008816869813017547,0.0009948622900992632,0.001013946020975709,0.0008708134409971535,0.000841599830891937,0.0008086841553449631,0.0007625282160006464,0.0007255094242282212,0.0006811855710111558,0.0007488877745345235,0.0007803578046150506,0.0055342502892017365,0.00470415223389864
18,0.0008596660918556154,0.0008959580445662141,0.0009333724156022072,0.0010287583572790027,0.0010417269077152014,0.0009193109581246972,0.0008764787926338613,0.0008414494805037975,0.00081642996519804,0.0007710703066550195,0.0006498511065728962,0.0007850362453609705,0.0008398570353165269,0.005750379990786314,1e-04,0.0048843007534742355,0.0008853285107761621,0.0009367425227537751,0.0009472892270423472,0.0010350210359320045,0.0010327311465516686,0.0009154214058071375,0.0008754596929065883,0.0008597231935709715,0.0008304364164359868,0.0007663194555789232,0.0007003002101555467,0.0007810903480276465,0.0008410490700043738,0.005793632473796606,0.0049161771312355995
19,0.0008452595211565495,0.0008720961632207036,0.0009038751595653594,0.000999466865323484,0.0010281746508553624,0.0009007289772853255,0.0008523768628947437,0.0008169550565071404,0.0007877613534219563,0.0007465917733497918,0.0006293235928751528,0.0007661865674890578,0.0008227692451328039,0.005622610449790955,1e-04,0.004778645467013121,0.0008578429115004838,0.0009503107867203653,0.0009644348756410182,0.0010551275918260217,0.0010375127894803882,0.0009071422973647714,0.0008934322977438569,0.0008596926927566528,0.0007896049646660686,0.0007124987314455211,0.0006428560009226203,0.0007371791871264577,0.0008064651628956199,0.0057904962450265884,0.004927873611450195
20,0.0008566192118450999,0.0008914738427847624,0.0009244837565347552,0.0010225367732346058,0.0010368915973231196,0.0009232511511072516,0.0008730464614927769,0.0008288471726700664,0.0007950562285259366,0.0007544881664216518,0.0006342204287648201,0.0007727302727289498,0.0008250457467511296,0.005699354689568281,1e-04,0.004842531867325306,0.0009105669450946152,0.0009607351385056973,0.0009827865287661552,0.0010882850037887692,0.0011127673787996173,0.0009826443856582046,0.0009356922819279134,0.0009109654347412288,0.0008802181109786034,0.000805546878837049,0.000708739913534373,0.0008089785114862025,0.0008691613911651075,0.0060504768043756485,0.005130701698362827
21,0.0008064534049481153,0.0008398088975809515,0.000884916284121573,0.0009822549764066935,0.0009744199342094362,0.0008609012002125382,0.0008237657602876425,0.0007821717299520969,0.0007517249905504286,0.0007065676618367434,0.0006000311113893986,0.0007244833395816386,0.0007772641256451607,0.005401941481977701,1e-04,0.004593112040311098,0.0008423603139817715,0.0008997960248962045,0.0009461237350478768,0.0010208743624389172,0.0010120877996087074,0.000906590314116329,0.0008692893898114562,0.0008307471289299428,0.0007860929472371936,0.0007554661715403199,0.0006461757002398372,0.0007684926385991275,0.0008081333362497389,0.005711160134524107,0.004857911262661219
22,0.0008230686653405428,0.0008540884009562433,0.000896985933650285,0.0009866169421002269,0.0010008560493588448,0.000890198047272861,0.0008437266806140542,0.0007943967939354479,0.0007664129952900112,0.0007243442232720554,0.0006045970367267728,0.000742423755582422,0.0007929865969344974,0.005502911284565926,1e-04,0.004678243305534124,0.0007785613997839391,0.0008201210875995457,0.0008508312748745084,0.0009607449756003916,0.0010107026901096106,0.0008596243569627404,0.0008282887865789235,0.0007921078940853477,0.0007997458451427519,0.0007295006653293967,0.0006204609526321292,0.0007181714754551649,0.0007696703542023897,0.005427901167422533,0.004617244936525822
23,0.0007973278407007456,0.0008324977243319154,0.0008692777482792735,0.0009637271868996322,0.0009669981081970036,0.0008603853057138622,0.0008206212660297751,0.0007716499385423958,0.0007418864406645298,0.0006928819930180907,0.0005797878839075565,0.0007154829800128937,0.0007730628713034093,0.0053174723871052265,1e-04,0.004518578294664621,0.0008566397591494024,0.000910310132894665,0.0009116291766986251,0.0010006820084527135,0.0010243208380416036,0.0009077354334294796,0.0008675040444359183,0.0008572829538024962,0.0008173359092324972,0.0007565358537249267,0.0006328372401185334,0.0007042414508759975,0.0008148502092808485,0.005685476120561361,0.00483455928042531
24,0.0007994996849447489,0.0008321841596625745,0.0008700313628651202,0.0009655851172283292,0.0009724186966195703,0.0008577624103054404,0.0008142460137605667,0.0007731217774562538,0.0007437423337250948,0.000703668047208339,0.0005868157604709268,0.0007182136760093272,0.0007691301871091127,0.005333379376679659,1e-04,0.004532883409410715,0.0008650794625282288,0.0009240866056643426,0.0009405375458300114,0.0010294789681211114,0.0010415674187242985,0.0009465991170145571,0.0009000169229693711,0.0008728086249902844,0.0008173565147444606,0.0007526965928263962,0.0007096758345142007,0.0007692904327996075,0.0008386260597035289,0.005834128707647324,0.0049566044472157955
25,0.000779423164203763,0.0008090561022982001,0.000842828128952533,0.0009389931219629943,0.0009496230632066727,0.0008405465632677078,0.000798918423242867,0.0007603151025250554,0.0007278723060153425,0.0006834179512225091,0.0005556538235396147,0.0007013441645540297,0.0007493517477996647,0.0052106655202806,1e-04,0.004430871922522783,0.0008548193145543337,0.0009142164490185678,0.0009232392767444253,0.0010047482792288065,0.0009992412524297833,0.0008780260104686022,0.0008603309979662299,0.0008343114168383181,0.0008077689562924206,0.0007512220763601363,0.0006628780392929912,0.0007519182399846613,0.0008155491668730974,0.005687093362212181,0.004836458247154951
26,0.0007805206114426255,0.0008119665435515344,0.0008534803637303412,0.000942802638746798,0.0009583529317751527,0.0008436360512860119,0.0008024747367016971,0.0007628240855410695,0.0007303968304768205,0.0006819627596996725,0.0005653991247527301,0.0006943400367163122,0.000749689235817641,0.005219914484769106,1e-04,0.004437006078660488,0.0007960350485518575,0.0008341420907527208,0.0008403412066400051,0.0009443078306503594,0.0009653141023591161,0.0008153227972798049,0.0007935965550132096,0.0007684718002565205,0.0007200426189228892,0.0006766438600607216,0.0005997575935907662,0.000706633843947202,0.0007488409755751491,0.005255953874439001,0.004470612853765488
27,0.0007853296701796353,0.0008188460487872362,0.0008519231923855841,0.0009408001787960529,0.0009519035811536014,0.0008387638372369111,0.0007969125872477889,0.0007614465430378914,0.0007305018953047693,0.000679597957059741,0.0005621039890684187,0.0006945316563360393,0.0007491655414924026,0.005206459201872349,1e-04,0.004424781538546085,0.000771220657043159,0.0008253651321865618,0.000839537475258112,0.0009622888755984604,0.0010051177814602852,0.0008639004081487656,0.0008294549770653248,0.0007991698803380132,0.0007488402770832181,0.0006830104975961149,0.0006105778156779706,0.0007225344306789339,0.0007499080384150147,0.005387527402490377,0.0045866877771914005
28,0.0007840936887077987,0.0008123672450892627,0.000854270183481276,0.0009474357357248664,0.0009551644325256348,0.0008530715713277459,0.0008126650936901569,0.000772928586229682,0.0007386233774013817,0.0006815976230427623,0.0005685361684300005,0.0006864844472147524,0.0007499540806747973,0.005242064129561186,1e-04,0.004456128925085068,0.000798686349298805,0.0008558022673241794,0.0008933334029279649,0.0009881292935460806,0.0009712261380627751,0.0008471728069707751,0.0008230243693105876,0.0007945293909870088,0.0007475651800632477,0.0007054000161588192,0.0006405833410099149,0.0007080059731379151,0.0007489747367799282,0.005405171308666468,0.00459575280547142
29,0.0007364116609096527,0.0007617359515279531,0.0007977687637321651,0.00088752422016114,0.0009077996364794672,0.0008025611750781536,0.0007650216575711966,0.0007232464267872274,0.0006880649598315358,0.0006510303355753422,0.0005373881431296468,0.0006638995255343616,0.0007117556524462998,0.004951514769345522,1e-04,0.004210423678159714,0.0008200040319934487,0.0008637787541374564,0.000886773515958339,0.000974239141214639,0.0010104554239660501,0.0008918765815906227,0.0008541657589375973,0.0008369783172383904,0.0007811940158717334,0.0007044206140562892,0.0006177898030728102,0.0007185017457231879,0.0007975973421707749,0.005510140210390091,0.004682618658989668
30,0.0007626714068464935,0.0007921498036012053,0.0008244884666055441,0.0009142626076936722,0.000918877893127501,0.0008235301356762648,0.000785200041718781,0.0007408678065985441,0.0007057262118905783,0.0006565454532392323,0.0005385184194892645,0.000672597496304661,0.0007276447722688317,0.005062864162027836,1e-04,0.004304167814552784,0.0008120884303934872,0.0008784436504356563,0.0008914026548154652,0.0010020126355811954,0.0010090237483382225,0.0008685305947437882,0.0008284739451482892,0.0007843714556656778,0.0007386836223304272,0.0006670638103969395,0.0005918342503719032,0.00067484489409253,0.0007462241337634623,0.005428011994808912,0.00462085846811533
31,0.0007482317741960287,0.0007792367832735181,0.0008104537846520543,0.0009035132825374603,0.0009015672258101404,0.0007919437484815717,0.0007594525814056396,0.0007232333300635219,0.000683724123518914,0.0006333468481898308,0.0005280193872749805,0.0006537843146361411,0.0007060138741508126,0.004954147152602673,1e-04,0.00421395106241107,0.0007227465976029634,0.0007910287822596729,0.0008113362127915025,0.0009123036870732903,0.000950149551499635,0.0008303116192109883,0.0008181192679330707,0.0007661714917048812,0.0006898866849951446,0.0006216311012394726,0.0005366682889871299,0.0006241846713237464,0.0006936719291843474,0.005059750284999609,0.0043083494529128075
32,0.0007582016987726092,0.0007895146845839918,0.0008185300976037979,0.0009042927995324135,0.0009243307285942137,0.0008274938445538282,0.0007969081052578986,0.0007502026273868978,0.0007077397312968969,0.0006555877043865621,0.0005369773716665804,0.0006765484577044845,0.0007244149455800653,0.005063244607299566,1e-04,0.004303956404328346,0.0008174438844434917,0.0008680056198500097,0.0008923658169806004,0.0009905574843287468,0.000967955740634352,0.000840664841234684,0.0008329509873874485,0.0008193969842977822,0.0007579950615763664,0.0006923353066667914,0.0005899443058297038,0.0007015831070020795,0.000765576958656311,0.005425633396953344,0.0046151126734912395
33,0.0007256078533828259,0.0007479859050363302,0.0007796128047630191,0.0008782310178503394,0.0008817542111501098,0.0007725669420324266,0.0007379201706498861,0.000699503580108285,0.0006637988844886422,0.0006154555594548583,0.0005090360064059496,0.0006345752044580877,0.0006886621122248471,0.0048074363730847836,1e-04,0.004089384339749813,0.0008302301284857094,0.0009021458681672812,0.0009163914946839213,0.0009827142348513007,0.0009920166339725256,0.0008702132618054748,0.000863650580868125,0.0008571001817472279,0.0008100446430034935,0.0007096731569617987,0.0005777642945758998,0.0006889849901199341,0.0007850065594539046,0.0055718556977808475,0.004742167890071869
34,0.0007434475119225681,0.0007671788916923106,0.0008020237437449396,0.0008944054134190083,0.0008963725995272398,0.0008015523198992014,0.0007698399131186306,0.0007282592705450952,0.0006898308638483286,0.0006365012959577143,0.0005118830013088882,0.0006490940577350557,0.0007085477700456977,0.0049281008541584015,1e-04,0.004189723636955023,0.0007922332151792943,0.0008342333603650331,0.0008708694367669523,0.0009675827459432185,0.0009504100307822227,0.0008447974687442183,0.0008004327537491918,0.0007774029509164393,0.000720214273314923,0.0006622422370128334,0.0005846653948538005,0.0006861213478259742,0.0007381218601949513,0.005270387511700392,0.0044835153967142105
35,0.0007366982172243297,0.0007583568221889436,0.0007940024370327592,0.000887991045601666,0.0008858520304784179,0.0007789534865878522,0.0007525999681092799,0.0007078266935423017,0.000676163355819881,0.0006281955866143107,0.0005163949681445956,0.0006452746456488967,0.0007044414523988962,0.004866010509431362,1e-04,0.00413733534514904,0.000785868032835424,0.0008244446362368762,0.000840960827190429,0.0009345830185338855,0.0009402852738276124,0.000821673427708447,0.0007959534414112568,0.0007866295054554939,0.0007238141261041164,0.0006462847231887281,0.0005256436415947974,0.0006521042669191957,0.0007508115959353745,0.005171213764697313,0.004399748053401709
36,0.0007255706586875021,0.0007545420085079968,0.0007900696364231408,0.0008803172968327999,0.0008864699047990143,0.0007943391683511436,0.0007626392180100083,0.0007133031031116843,0.0006768433377146721,0.0006227989797480404,0.0005101420683786273,0.0006393241928890347,0.0006948311929591,0.0048624128103256226,1e-04,0.004135399125516415,0.0007783050532452762,0.0008246097131632268,0.0008337272447533906,0.0009154115105047822,0.0009338872623629868,0.0007895301678217947,0.000756874680519104,0.0007348081562668085,0.0007125376141630113,0.000656223448459059,0.0005536808748729527,0.0006375863449648023,0.0007451961864717305,0.005113237537443638,0.004353824537247419
37,0.00066694978158921,0.0006933139520697296,0.0007315965485759079,0.0008260880131274462,0.0008253324194811285,0.0007211971096694469,0.0006931700627319515,0.0006523741758428514,0.0006214027525857091,0.0005729707190766931,0.00046964106149971485,0.000591874064411968,0.0006386950262822211,0.004485173150897026,5e-05,0.003815591102465987,0.0008148732013069093,0.0008686803630553186,0.0008780526695773005,0.0009787778835743666,0.0009435741230845451,0.000851911841891706,0.0008394489414058626,0.0008160745492205024,0.0007681621937081218,0.0006934815319254994,0.0006144213839434087,0.0007200227701105177,0.0007736364495940506,0.005412850994616747,0.004600457847118378
38,0.0006909170770086348,0.0007147358846850693,0.0007472115685231984,0.0008408949943259358,0.000827427429612726,0.0007392571424134076,0.0007119736983440816,0.0006693383329547942,0.0006372567731887102,0.0005952548235654831,0.0004953056923113763,0.0006122050108388066,0.0006555528379976749,0.004591666627675295,5e-05,0.003904180135577917,0.0007152441539801657,0.0007854343275539577,0.0008056446677073836,0.0008876171777956188,0.0009242805535905063,0.0007955491309985518,0.0007793023250997066,0.0007326889899559319,0.0006821075803600252,0.0006431692745536566,0.0005700452020391822,0.0006457223207689822,0.0006718155345879495,0.005020195618271828,0.004278763197362423
39,0.0006790427723899484,0.0007052593282423913,0.0007363026379607618,0.0008264231728389859,0.0008364207460545003,0.0007439744076691568,0.0007143141701817513,0.0006673193420283496,0.000631492817774415,0.0005871058092452586,0.0004731400404125452,0.0005967502947896719,0.0006463645258918405,0.004557070322334766,5e-05,0.003876770380884409,0.0007491724682040513,0.0007912318687886,0.0007929573766887188,0.0008769313571974635,0.0008517185342498124,0.0007360666058957577,0.0007298208656720817,0.0007032791618257761,0.000668867607600987,0.000603771535679698,0.0005118909175507724,0.0006324177957139909,0.0006943866028450429,0.004826761782169342,0.004108106717467308
40,0.0006828692858107388,0.0006993179558776319,0.0007277688127942383,0.0008144049206748605,0.0008227798389270902,0.0007299805874936283,0.0007061263313516974,0.0006652523297816515,0.0006253407918848097,0.0005823642131872475,0.0004751460801344365,0.0005929064936935902,0.0006440385477617383,0.004498708993196487,5e-05,0.003824224229902029,0.0007352563552558422,0.0007945173420011997,0.0008130447822622955,0.0008742501377128065,0.0008739196346141398,0.0007687094039283693,0.0007582218386232853,0.0007427072268910706,0.0006894248072057962,0.0006192469736561179,0.0005348684499040246,0.0006256509223021567,0.0006808382458984852,0.004902585409581661,0.004170996602624655
41,0.0006822018185630441,0.0007068518316373229,0.0007405586657114327,0.0008306159870699048,0.0008283716742880642,0.0007356729474849999,0.0007039568736217916,0.0006675742915831506,0.0006309511954896152,0.0005829203873872757,0.00046913555706851184,0.000592531228903681,0.0006450325017794967,0.00454069534316659,5e-05,0.003862511832267046,0.0007908528205007315,0.0008632158860564232,0.000891955744009465,0.0009475997649133205,0.0009473070385865867,0.0008519224938936532,0.0008170604705810547,0.000783490133471787,0.0007477504550479352,0.0006750829052180052,0.0005641020252369344,0.000669962028041482,0.0007427262025885284,0.005312368739396334,0.004520596470683813
42,0.0006285024574026465,0.0006593575817532837,0.00069330696715042,0.000785913725849241,0.000781639595516026,0.0006912305834703147,0.0006612893776036799,0.0006224682438187301,0.0005906670703552663,0.0005485957372002304,0.0004422245838213712,0.0005595931434072554,0.0005980624118819833,0.004249517805874348,5e-05,0.0036139138974249363,0.0007458959007635713,0.0007970849983394146,0.0008323014480993152,0.0009153427672572434,0.0009173706057481468,0.000797730521298945,0.0007739376160316169,0.0007383038755506277,0.0006864239694550633,0.000608052418101579,0.0004953001043759286,0.0006386631284840405,0.0006897763814777136,0.004997500218451023,0.004256254993379116
43,0.0006643036031164229,0.0006871328805573285,0.0007187413866631687,0.0008165038307197392,0.000809615885373205,0.0007197403465397656,0.0006935861892998219,0.0006520960596390069,0.0006167188403196633,0.0005692371632903814,0.00045898035750724375,0.0005786247784271836,0.000632154755294323,0.0044280472211539745,5e-05,0.003765166038647294,0.0007077711052261293,0.000772305706050247,0.000795096333604306,0.0008872327744029462,0.0009105316712521017,0.0007929621497169137,0.0007783969631418586,0.0007517861668020487,0.0006957226432859898,0.0006304937996901572,0.0005395904881879687,0.0006122770137153566,0.0006733362097293139,0.0049544270150363445,0.0042200032621622086
44,0.0006565728108398616,0.0006768047460354865,0.000706026388797909,0.0007926617981866002,0.0007896999595686793,0.0006972566479817033,0.0006683230749331415,0.0006306541035883129,0.0005997000844217837,0.0005563799059018493,0.00044929925934411585,0.0005743891815654933,0.0006233513122424483,0.00432802876457572,5e-05,0.00368024711497128,0.0007097554625943303,0.0007615882204845548,0.0007862905622459948,0.0008794325985945761,0.0008903006091713905,0.0007779898005537689,0.0007700217538513243,0.0007509248680435121,0.0006928875227458775,0.0006137794116511941,0.000529190176166594,0.0006030644290149212,0.0006667267880402505,0.0048886374570429325,0.004163102712482214
45,0.0006529301172122359,0.0006795338704250753,0.0007119509973563254,0.0008037943625822663,0.0007985792472027242,0.0007078004418872297,0.0006802952266298234,0.0006449507782235742,0.000610020593740046,0.0005674213753081858,0.00045826169662177563,0.0005763988592661917,0.0006265640840865672,0.0043619913049042225,2.5e-05,0.00370672345161438,0.0007077548652887344,0.0007493564626201987,0.0007979024085216224,0.0008829778525978327,0.0008701772312633693,0.0007424092036671937,0.000713025510776788,0.0006898018764331937,0.0006446651532314718,0.0005875449860468507,0.000475877255667001,0.0005863040569238365,0.0006661589723080397,0.004780653398483992,0.004079579841345549
46,0.0006341198459267616,0.0006580365588888526,0.0006883774185553193,0.000777626468334347,0.0007813629345037043,0.0006987072993069887,0.0006745174759998918,0.0006319130188785493,0.0005906447186134756,0.0005470404285006225,0.0004425409424584359,0.0005537223187275231,0.000597931444644928,0.004264715127646923,2.5e-05,0.003628057660534978,0.0007635189103893936,0.0008190444787032902,0.0008671057876199484,0.0009383931173942983,0.0009251474984921515,0.0008046440198086202,0.0007577018113806844,0.0007369248778559268,0.0007048039115034044,0.000645698222797364,0.0005553712835535407,0.0006467061466537416,0.0007205114234238863,0.0050720698200166225,0.0043116407468914986
47,0.000639864185359329,0.0006588186370208859,0.0006895125261507928,0.000780985807068646,0.0007786976639181376,0.0006896266713738441,0.0006666162516921759,0.0006295296479947865,0.0005934986402280629,0.0005493895732797682,0.00044215942034497857,0.0005598429124802351,0.000607479945756495,0.004259447567164898,2.5e-05,0.003622062737122178,0.0007670006598345935,0.0008159945136867464,0.0008427693974226713,0.0009201862849295139,0.0009424647432751954,0.0008384724496863782,0.000792495149653405,0.0007609712774865329,0.000707250670529902,0.0006294477498158813,0.0005157660925760865,0.0006350352778099477,0.0007347798673436046,0.0051042065024375916,0.004342465195804834
48,0.0006574727012775838,0.0006752834306098521,0.0007064135861583054,0.0007927583646960557,0.0007939276401884854,0.0007050202111713588,0.0006859658169560134,0.0006444636383093894,0.0006075918208807707,0.0005658386508002877,0.00045825375127606094,0.0005763520020991564,0.000628726149443537,0.004352522548288107,2.5e-05,0.0036988253705203533,0.0007167953881435096,0.0007769507938064635,0.000796344771515578,0.0008846935234032571,0.0008538526599295437,0.0007313217502087355,0.000723667093552649,0.0006751910550519824,0.0006266026175580919,0.0005904335412196815,0.00048521903227083385,0.0006025998154655099,0.0006735025090165436,0.0047590043395757675,0.004056144971400499
49,0.0006296656792983413,0.000649473920930177,0.0006833452498540282,0.0007743384339846671,0.0007622306002303958,0.0006713760085403919,0.0006500689196400344,0.0006098392768763006,0.0005774072487838566,0.0005366859841160476,0.00043191443546675146,0.0005413811304606497,0.00059620471438393,0.004174743313342333,2.5e-05,0.0035505967680364847,0.0006981085170991719,0.0007288128836080432,0.0007330751395784318,0.0008183379541151226,0.0008049084572121501,0.0006907623610459268,0.0006921726744621992,0.0006712545291520655,0.0006334810168482363,0.0005701702320948243,0.00047043434460647404,0.0005764738307334483,0.000662006379570812,0.004546561278402805,0.0038734846748411655
50,0.0006077790749259293,0.0006360563565976918,0.0006670369766652584,0.0007591574103571475,0.0007590618915855885,0.0006660312646999955,0.0006424447637982666,0.0006019279826432467,0.0005727355019189417,0.0005302694626152515,0.00044065623660571873,0.0005396721535362303,0.0005791601142846048,0.0041212658397853374,2.5e-05,0.0035057291388511658,0.000780051457695663,0.0008236003341153264,0.000849790929351002,0.0009161765337921679,0.0009574893629178405,0.0008572182850912213,0.0008379677310585976,0.00080724130384624,0.0007387091172859073,0.0006585691589862108,0.0005463217967189848,0.000652973132673651,0.0007397625013254583,0.00528629869222641,0.004504308570176363
51,0.0006157783209346235,0.0006358741084113717,0.0006638487102463841,0.0007580849924124777,0.000765327422413975,0.0006636645412072539,0.0006416426040232182,0.0006054664845578372,0.0005706525989808142,0.0005314676673151553,0.0004255003295838833,0.0005331585416570306,0.0005827259155921638,0.00410876888781786,2.5e-05,0.0034939057659357786,0.0007004408980719745,0.0007365022320300341,0.0007594669586978853,0.0008424127590842545,0.0008250798564404249,0.0007207822636701167,0.0007172093028202653,0.0006818775436840951,0.000643098377622664,0.000600131694227457,0.0005208716611377895,0.0006051828386262059,0.0006686678389087319,0.0046646310947835445,0.003970651421695948
52,0.0006132855778560042,0.0006354399374686182,0.0006652023294009268,0.0007548717549070716,0.0007596461800858378,0.0006689527072012424,0.0006340694963000715,0.0005968422046862543,0.0005703095230273902,0.0005302312783896923,0.00042845553252846,0.0005421940004453063,0.0005856805364601314,0.004122164566069841,2.5e-05,0.0035079217050224543,0.0007234055665321648,0.0007646147860214114,0.000794108840636909,0.0008832289604470134,0.0008647153154015541,0.0007608450250700116,0.0007368986262008548,0.0007056971662677824,0.0006526452489197254,0.0005574438255280256,0.0004763657634612173,0.0005797714693471789,0.000673358968924731,0.004779380280524492,0.004073757212609053
53,0.0006039761356078088,0.0006255683838389814,0.0006633244920521975,0.000759572780225426,0.0007616248331032693,0.00066235417034477,0.0006366701563820243,0.0005977707915008068,0.0005663808551616967,0.0005274676368571818,0.00043953832937404513,0.000536292907781899,0.0005794239696115255,0.004101315047591925,2.5e-05,0.0034890107344835997,0.0007161766989156604,0.0007725025061517954,0.0007971221930347383,0.0008579842397011817,0.0008762754732742906,0.0007751818629913032,0.0007465570815838873,0.0007044780650176108,0.0006578512256965041,0.0005832510651089251,0.00047854031436145306,0.0006019268184900284,0.0006741592660546303,0.004847027827054262,0.0041361041367053986
54,0.0006013720412738621,0.0006204709643498063,0.0006488712388090789,0.000739334907848388,0.0007515598554164171,0.0006611749995499849,0.0006409076740965247,0.0006037824205122888,0.0005695984582416713,0.0005242993356660008,0.0004230697522871196,0.0005294679431244731,0.0005798479542136192,0.004060633480548859,2.5e-05,0.003453422337770462,0.0007127417484298348,0.0007792410324327648,0.0007783429464325309,0.0008369325660169125,0.0008807333069853485,0.0007540020742453635,0.0007289255154319108,0.000716416398063302,0.0006707233260385692,0.0006063022301532328,0.0004895226447843015,0.0005999428685754538,0.0006685602711513638,0.004762850236147642,0.004053435288369656
55,0.000613557465840131,0.0006300678942352533,0.000663137121591717,0.0007582284160889685,0.0007526349509134889,0.000659959448967129,0.0006347112357616425,0.000599402585066855,0.0005682394257746637,0.0005252411938272417,0.0004323804460000247,0.000537322775926441,0.0005839737132191658,0.0040894621051847935,1.25e-05,0.003477237420156598,0.0006760660908184946,0.000741191441193223,0.0007691372302360833,0.000848062802106142,0.0008361262152902782,0.000710167340002954,0.000696952803991735,0.0006601745844818652,0.0006008648779243231,0.0005480464897118509,0.0004560573142953217,0.0005443160189315677,0.0006255217595025897,0.0045400927774608135,0.0038698853459209204
56,0.0005930087063461542,0.0006162004428915679,0.0006436418043449521,0.0007434774306602776,0.0007368692313320935,0.00064716802444309,0.0006261602393351495,0.0005864455597475171,0.0005530896596610546,0.0005120577407069504,0.0004135743365623057,0.0005212019314058125,0.0005662986659444869,0.004003594163805246,1.25e-05,0.003406733041629195,0.0007213082863017917,0.0007922276854515076,0.0008107139146886766,0.0008940414409153163,0.0008823603275232017,0.0007600145181640983,0.0007467366522178054,0.0007133745239116251,0.0006476719281636178,0.0005837566568516195,0.00048318924382328987,0.0005876029608771205,0.000655465351883322,0.004824298899620771,0.004110570065677166
57,0.000609714537858963,0.0006333044730126858,0.0006623203516937792,0.0007611768087372184,0.0007586773135699332,0.0006684434483759105,0.0006433859816752374,0.0005997696425765753,0.0005685475189238787,0.0005266151274554431,0.0004396045405883342,0.0005344911478459835,0.0005803856765851378,0.004112465772777796,1.25e-05,0.0034981227945536375,0.0006970947724767029,0.0007839775644242764,0.0008066407172009349,0.0008823505486361682,0.0008581539732404053,0.0007354505360126495,0.0007107236888259649,0.0006805374869145453,0.0006172461435198784,0.0005661822506226599,0.0004868981777690351,0.0005847475258633494,0.0006537704030051827,0.004726727027446032,0.00402951380237937
58,0.0005944134318269789,0.0006064281915314496,0.0006406328175216913,0.0007301979931071401,0.0007306135375984013,0.000642270955722779,0.0006234847824089229,0.0005913988570682704,0.0005613237153738737,0.0005174006219021976,0.00042521985596977174,0.0005237352452240884,0.0005739771877415478,0.004003602545708418,1.25e-05,0.0034065924119204283,0.0006573775317519903,0.0007085145334713161,0.0007204423891380429,0.0007982441456988454,0.0007998262881301343,0.0006969484966248274,0.0006885522743687034,0.0006740267854183912,0.000622786465100944,0.0005592117668129504,0.0004778772417921573,0.0005738565232604742,0.0006150386179797351,0.004471467342227697,0.0038104900158941746
59,0.0006079005543142557,0.0006230467115528882,0.0006560704787261784,0.0007483026129193604,0.0007436990272253752,0.0006529904203489423,0.0006366586894728243,0.0006008707568980753,0.0005615093396045268,0.0005203722976148129,0.0004198513342998922,0.0005267626838758588,0.0005756051978096366,0.004057351499795914,1.25e-05,0.003451688215136528,0.0006493667606264353,0.0006963080959394574,0.0007352428510785103,0.0008230789680965245,0.0008033651974983513,0.0006967699737288058,0.000674513285048306,0.0006485705962404609,0.0006071647512726486,0.0005367586854845285,0.0004290726501494646,0.0005334075540304184,0.0005928579485043883,0.004401291720569134,0.003753101686015725
60,0.0006063029286451638,0.0006304315174929798,0.0006694556795991957,0.0007678347174078226,0.0007575982599519193,0.0006672634626738727,0.0006414014496840537,0.0005982823204249144,0.0005644572665914893,0.0005263431230559945,0.00042565070907585323,0.000529514392837882,0.0005804385291412473,0.004095207434147596,1.25e-05,0.0034825168550014496,0.0006926757632754743,0.0007427181699313223,0.0007685424643568695,0.0008484900463372469,0.0008429367444477975,0.0007286081090569496,0.0007072050357237458,0.0006924976478330791,0.0006468811188824475,0.0005754794110544026,0.00047734551480971277,0.0005712670972570777,0.0006506769568659365,0.004645888227969408,0.003957786597311497
61,0.0006048292852938175,0.0006206756224855781,0.0006484025507234037,0.0007371724350377917,0.0007434858707711101,0.0006493157125078142,0.000628453039098531,0.0005969691555947065,0.0005642596515826881,0.000515012361574918,0.0004245210438966751,0.0005274874274618924,0.0005763550871051848,0.004032704513520002,1.25e-05,0.003429861506447196,0.0007260031416080892,0.0007780019659548998,0.0007981887902133167,0.0008928035385906696,0.0008446905994787812,0.0007348101935349405,0.0007130623562261462,0.0006871959194540977,0.0006367231253534555,0.0005686486256308854,0.0004990973393432796,0.0005933194770477712,0.0006813224754296243,0.0047489916905760765,0.004044848028570414
62,0.0006012595258653164,0.0006178961484692991,0.0006488977232947946,0.0007435050792992115,0.0007349584484472871,0.0006463864119723439,0.0006293659098446369,0.0005914770881645381,0.000557081017177552,0.0005196101847104728,0.0004261054564267397,0.0005258848541416228,0.0005765747046098113,0.004019530955702066,1.25e-05,0.0034180672373622656,0.0006804819568060338,0.0007533301250077784,0.000785614422056824,0.000855353195220232,0.0008514334331266582,0.0007380006136372685,0.000720043433830142,0.0006923394394107163,0.0006344181019812822,0.0005761819775216281,0.00047782418550923467,0.0005839074146933854,0.0006412398652173579,0.004703449551016092,0.004011898767203093
63,0.0005798951024189591,0.00059641117695719,0.0006285174167715013,0.0007217036327347159,0.0007172893383540213,0.0006286407588049769,0.0006077147554606199,0.0005748681724071503,0.0005410563317127526,0.00049832952208817,0.00041293984395451844,0.0005092453211545944,0.0005559788551181555,0.0039076413959264755,1.25e-05,0.0033251317217946053,0.0006953011034056544,0.0007473806035704911,0.0007520160870626569,0.000853948702570051,0.0008291209815070033,0.0007100010989233851,0.0006831251084804535,0.0006577664171345532,0.0006091894465498626,0.000546437397133559,0.0004431231354828924,0.0005510336486622691,0.0006394156371243298,0.004572354257106781,0.003901749849319458
64,0.0006118994206190109,0.0006301369285210967,0.0006639756611548364,0.0007589550805278122,0.0007345005287788808,0.0006496866117231548,0.0006314330385066569,0.0005972462240606546,0.0005690035759471357,0.0005256709409877658,0.0004192767373751849,0.0005271421978250146,0.0005824945983476937,0.004052062518894672,1.25e-05,0.003444259287789464,0.0006479828734882176,0.0007142821559682488,0.0007459121407009661,0.0008144829189404845,0.0008315111044794321,0.0007068588165566325,0.0006922633619979024,0.0006632451550103724,0.0006259990041144192,0.0005748987314291298,0.0004839017055928707,0.000573875498957932,0.0006304476992227137,0.004574438091367483,0.0039047719910740852
65,0.0006069170776754618,0.0006283455877564847,0.0006576038431376219,0.0007504302193410695,0.0007573867333121598,0.0006662546074949205,0.0006417053518816829,0.000606787740252912,0.0005689332610927522,0.0005257895099930465,0.0004339930892456323,0.0005378774949349463,0.0005802478990517557,0.004097980912774801,6.25e-06,0.003485499182716012,0.0006770944455638528,0.0007209743489511311,0.0007512111915275455,0.0008526437450200319,0.000883581698872149,0.000758339068852365,0.0007354372064583004,0.0006897254497744143,0.000634832598734647,0.0005672842380590737,0.0004604836576618254,0.0005637300200760365,0.0006425840547308326,0.004668928682804108,0.003981396555900574
66,0.0005774942110292614,0.0005943326978012919,0.0006274894112721086,0.0007242523715831339,0.0007206897716969252,0.0006314943311735988,0.0006037563434801996,0.0005668263765983284,0.0005408651195466518,0.0005050997715443373,0.000412290683016181,0.0005137550760991871,0.0005519055994227529,0.003897127928212285,6.25e-06,0.003314799629151821,0.0006932992255315185,0.000743450247682631,0.0007717607659287751,0.0008425055420957506,0.0008888698066584766,0.0007814955897629261,0.0007459083572030067,0.0006957355071790516,0.0006531805847771466,0.0005854926421307027,0.0005004130071029067,0.0005708005628548563,0.0006430135108530521,0.004762160126119852,0.004060935229063034
67,0.0005833220784552395,0.0006036238046362996,0.0006316906656138599,0.00072565081063658,0.0007193800993263721,0.0006332715274766088,0.0006180754862725735,0.0005867621512152255,0.0005506127490662038,0.0005118465051054955,0.00041821072227321565,0.000516698753926903,0.0005580304423347116,0.003933469764888287,6.25e-06,0.003344454802572727,0.000641408609226346,0.000698740070220083,0.0007257219403982162,0.0008164425380527973,0.0008096290403045714,0.0006768133607693017,0.0006592400022782385,0.0006308697629719973,0.0005857896758243442,0.0005224656197242439,0.0004159495001658797,0.0005270242691040039,0.0005968953482806683,0.0043625785037875175,0.0037235787604004145
68,0.0005618622526526451,0.0005840198136866093,0.0006145340739749372,0.0007099520298652351,0.0007043720688670874,0.0006119246245361865,0.0005886430153623223,0.0005542619619518518,0.0005237051518633962,0.0004886442329734564,0.0004078655911143869,0.0004981719539500773,0.0005389301804825664,0.003810866503044963,6.25e-06,0.0032426435500383377,0.0006919737788848579,0.0007733263191767037,0.0007923027733340859,0.0008653000695630908,0.0008620247826911509,0.0007575902855023742,0.0007235425291582942,0.0006943293265067041,0.0006442086305469275,0.0005594402900896966,0.00044523083488456905,0.0005615093978121877,0.0006412598886527121,0.004702586214989424,0.0040093520656228065
69,0.0005868513253517449,0.000602138985414058,0.0006304980488494039,0.0007189495954662561,0.0007177259540185332,0.0006304036942310631,0.0006068682996556163,0.0005747213144786656,0.0005489977193064988,0.000509378791321069,0.0004197444359306246,0.0005184089532122016,0.0005619401927106082,0.0039136349223554134,6.25e-06,0.0033269699197262526,0.0006781966658309102,0.0007504732930101454,0.0007646622834727168,0.0008404238033108413,0.000791763246525079,0.0006962661864235997,0.0006842708098702133,0.0006627361290156841,0.0006038237479515374,0.0005587582127191126,0.0004640241386368871,0.0005675852298736572,0.0006308634765446186,0.004551996011286974,0.0038832384161651134
70,0.000583975575864315,0.0006043308530934155,0.0006286195712164044,0.0007206219015643001,0.0007226440357044339,0.000633475836366415,0.0006059142760932446,0.0005707364180125296,0.0005420396337285638,0.0005017914227209985,0.0004040338681079447,0.0005043349810875952,0.0005583472666330636,0.0038899118080735207,6.25e-06,0.0033067709300667048,0.0007278138655237854,0.0007704339222982526,0.0007877057651057839,0.0008746188832446933,0.0008966476889327168,0.0007777157588861883,0.0007395722204819322,0.000703201221767813,0.000641802151221782,0.0005613821558654308,0.0004819940368179232,0.0005860915407538414,0.0006704153493046761,0.004777588415890932,0.0040684049017727375
71,0.000582084059715271,0.0006007629563100636,0.0006333120400086045,0.0007273430819623172,0.000708906736690551,0.0006207197438925505,0.0006023641326464713,0.0005737594328820705,0.0005408269353210926,0.0004978583892807364,0.0004029306583106518,0.0005058017559349537,0.0005532451323233545,0.003891868283972144,6.25e-06,0.0033111039083451033,0.0007161026587709785,0.0007779451552778482,0.0008003580733202398,0.0008740415796637535,0.0009208795963786542,0.0007790826493874192,0.0007606190629303455,0.000724188459571451,0.0006702420650981367,0.0005848746513947845,0.0005004870472475886,0.0006043657194823027,0.0006679377984255552,0.004925499204546213,0.004203874617815018
72,0.0005864942795597017,0.0005989482160657644,0.0006249375874176621,0.0007154869963414967,0.000712115375790745,0.0006230715662240982,0.0005984241142868996,0.00056474405573681,0.0005428867298178375,0.0005054387729614973,0.0004151526663918048,0.0005160201690159738,0.0005611988017335534,0.003892685053870082,6.25e-06,0.00331076979637146,0.0006435242248699069,0.0006941187893971801,0.0007025059312582016,0.0007970274309627712,0.0007785452762618661,0.0006906985072419047,0.0006515284767374396,0.000615858705714345,0.0005867808940820396,0.0005070724873803556,0.00043804908636957407,0.000538064050488174,0.0006136776064522564,0.004307425580918789,0.0036722365766763687
73,0.000598119746427983,0.0006167771061882377,0.000645926222205162,0.0007399370078928769,0.0007404530188068748,0.0006493192631751299,0.000627224100753665,0.0005911760963499546,0.000555044156499207,0.0005218958831392229,0.0004312123928684741,0.0005294153233990073,0.0005684448406100273,0.004025994334369898,6.25e-06,0.0034248437732458115,0.0006981430342420936,0.0007684336742386222,0.0007821572944521904,0.0008728326647542417,0.0008811514126136899,0.0007471924764104187,0.0007251059869304299,0.0006970870890654624,0.0006381464772857726,0.0005685343639925122,0.00045560923172160983,0.0005580761353485286,0.000644313229713589,0.004738673567771912,0.004043536726385355
74,0.0005783280939795077,0.0005952519131824374,0.0006263420218601823,0.0007203403511084616,0.0007185095455497503,0.0006315831560641527,0.0006098730373196304,0.0005767398979514837,0.0005430568708106875,0.0005018285010010004,0.00041224449523724616,0.0005120860296301544,0.0005542121361941099,0.0039027007296681404,6.25e-06,0.003319593146443367,0.0007007378153502941,0.0007685156306251884,0.0008126051397994161,0.0008867798605933785,0.0008796200854703784,0.0007699367706663907,0.000761257775593549,0.0007370226667262614,0.000668262189719826,0.0005980687565170228,0.0004960394580848515,0.0005855127237737179,0.0006545610958710313,0.004871356766670942,0.004154515918344259
75,0.0005872004549019039,0.0006072396645322442,0.0006337201921269298,0.0007231751224026084,0.0007269110064953566,0.0006368636968545616,0.0006160262855701149,0.0005843333783559501,0.000553328834939748,0.0005127638578414917,0.00041809171671047807,0.0005180970765650272,0.0005591137451119721,0.003947214689105749,6.25e-06,0.003356684697791934,0.0006333468481898308,0.000671795685775578,0.0006899464060552418,0.0007835825672373176,0.0008612413657829165,0.0007292641676031053,0.0007100737420842052,0.0006757493829354644,0.0006269909790717065,0.0005589747452177107,0.0004475449677556753,0.0005605139303952456,0.0006146860541775823,0.004497507121413946,0.0038387603126466274
76,0.0005744703230448067,0.000595234683714807,0.0006252173916436732,0.0007127371500246227,0.0007044746889732778,0.0006190335843712091,0.000599600316490978,0.000562412547878921,0.0005312485154718161,0.00048741238424554467,0.0004045922833029181,0.0004945004475302994,0.0005495988880284131,0.003853369038552046,6.25e-06,0.003279483411461115,0.0007086137775331736,0.000746405974496156,0.0007595038041472435,0.0008408079738728702,0.0008690676186233759,0.000734745291993022,0.0007085849647410214,0.0006812454666942358,0.0006373355281539261,0.0005799137870781124,0.0004991796449758112,0.0005965931923128664,0.0006723302649334073,0.004697691649198532,0.0040027424693107605
77,0.0005828398279845715,0.0006021224544383585,0.0006328105228021741,0.0007263245061039925,0.0007259421399794519,0.0006368880858644843,0.0006143053178675473,0.0005773914745077491,0.0005449011805467308,0.0005088679608888924,0.0004172042536083609,0.0005120930727571249,0.0005550396163016558,0.0039308504201471806,6.25e-06,0.003343411022797227,0.0006970058893784881,0.0007435278967022896,0.000753510685171932,0.0008273262064903975,0.0008629779331386089,0.0007417843444272876,0.0007401000475510955,0.0007204489666037261,0.0006708716973662376,0.000614818069152534,0.000499391055200249,0.0006079786107875407,0.0006661468069069088,0.00475960411131382,0.004056074656546116
78,0.0005927940947003663,0.0006118867313489318,0.0006395927048288286,0.000733927998226136,0.0007177215884439647,0.0006317304796539247,0.0006123234634287655,0.0005796810146421194,0.0005465114372782409,0.0005025962018407881,0.0004101589147467166,0.0005112028447911143,0.0005637576687149704,0.003943785093724728,3.125e-06,0.0033550243824720383,0.0006544154020957649,0.0007240520790219307,0.0007464840309694409,0.0008247688529081643,0.0008395306067541242,0.0007291260990314186,0.0007074185996316373,0.0006810446502640843,0.0006186777027323842,0.0005476110964082181,0.00043650573934428394,0.000540967914275825,0.0006130451220087707,0.004485811106860638,0.0038193759974092245
79,0.0005932578351348639,0.0006097182631492615,0.0006414015660993755,0.0007392358966171741,0.0007240060367621481,0.0006343986024148762,0.0006145747611299157,0.0005813672905787826,0.0005495763034559786,0.0005070191691629589,0.0004229079931974411,0.0005092190694995224,0.0005613192333839834,0.00395873561501503,3.125e-06,0.0033673513680696487,0.0006542367045767605,0.0007054697489365935,0.0007034264854155481,0.0007844884530641139,0.000851343444082886,0.000716859009116888,0.000692042289301753,0.0006693091709166765,0.0006111534894444048,0.0005474557401612401,0.0004267344484105706,0.0005500831175595522,0.0006142160855233669,0.00443035364151001,0.003774444106966257
80,0.0005561802536249161,0.0005744576919823885,0.0006010476499795914,0.0006920792511664331,0.0006968455854803324,0.0006108558154664934,0.0005850981688126922,0.0005546093452721834,0.0005235058488324285,0.0004852158890571445,0.0003961944312322885,0.0004852561396546662,0.0005275173461996019,0.003774624550715089,3.125e-06,0.003213942516595125,0.0007321641896851361,0.0007865033112466335,0.0008128314511850476,0.0008833768661133945,0.0008508586324751377,0.0007642783457413316,0.0007473770529031754,0.0007124195108190179,0.0006697294302284718,0.000580493186134845,0.0004851077974308282,0.0005926924641244113,0.0006801795680075884,0.004819253925234079,0.004104022402316332
81,0.0005793558084405959,0.0005958141991868615,0.0006264302646741271,0.0007211753982119262,0.0007139534573070705,0.0006269171717576683,0.0006002830341458321,0.000571320008020848,0.0005395361804403365,0.0004960079677402973,0.00041039357893168926,0.0005107925971969962,0.0005505295703187585,0.003884296864271164,3.125e-06,0.0033041047863662243,0.0006812167703174055,0.0007454846636392176,0.0007597999065183103,0.0008594508399255574,0.0008592477533966303,0.000752610620111227,0.0007305910112336278,0.000708629610016942,0.000653925642836839,0.0005742161301895976,0.00048791090375743806,0.0005686403601430357,0.0006437022238969803,0.004704218357801437,0.00400995509698987
82,0.0005747184623032808,0.0005927692982368171,0.0006265933043323457,0.0007278188713826239,0.0007102331146597862,0.0006181938806548715,0.0005960765993222594,0.0005663944757543504,0.0005345871904864907,0.0005016866489313543,0.0004198863753117621,0.0005122688598930836,0.0005503339343704283,0.0038721614982932806,3.125e-06,0.0032928106375038624,0.0006752788322046399,0.000731704174540937,0.0007513692253269255,0.0008315002778545022,0.0008075065561570227,0.0007025435916148126,0.000674616836477071,0.0006487460341304541,0.0005894406349398196,0.0005293003050610423,0.0004367052752058953,0.0005423827096819878,0.0006275416817516088,0.004456962924450636,0.003799375845119357
83,0.0005803584353998303,0.0006042853347025812,0.0006368655594997108,0.0007218878599815071,0.0007256725803017616,0.0006381087005138397,0.0006163385114632547,0.0005803992389701307,0.0005476271035149693,0.0005078465328551829,0.000419592804973945,0.0005165726761333644,0.0005579154822044075,0.003931777086108923,3.125e-06,0.0033430506009608507,0.0006907516508363187,0.000764953438192606,0.0007947521517053246,0.0008608585922047496,0.0008472904446534812,0.0007504241075366735,0.0007509364513680339,0.0007170115131884813,0.000658321485389024,0.0005629353690892458,0.000475526147056371,0.0005721849738620222,0.0006387712201103568,0.004691991955041885,0.003993166610598564
84,0.000598359270952642,0.0006142424535937607,0.0006418938864953816,0.0007305369363166392,0.0007259039557538927,0.0006366844172589481,0.0006111068069003522,0.0005797538324259222,0.0005515457014553249,0.0005178730934858322,0.00042213330743834376,0.0005204663029871881,0.0005627768114209175,0.003966155927628279,3.125e-06,0.0033728263806551695,0.0007915544556453824,0.0008447442087344825,0.0008535451488569379,0.0009337904048152268,0.000920398160815239,0.0008121631690301001,0.0008018027292564511,0.0007728990749455988,0.0007102953386493027,0.0006345210713334382,0.0005287760868668556,0.0006286309799179435,0.0007276058313436806,0.005182123742997646,0.004415913950651884
85,0.0005607398343272507,0.0005825570551678538,0.0006100267055444419,0.000710722990334034,0.0007008707034401596,0.0006092792609706521,0.0005873919581063092,0.0005530394846573472,0.0005222113686613739,0.0004929356509819627,0.0004053785523865372,0.0004975857445970178,0.0005398596986196935,0.003815026953816414,1.5625e-06,0.0032479038927704096,0.0007140843663364649,0.0007680555572733283,0.0007930290885269642,0.0008732111309655011,0.0009152526035904884,0.0007854395662434399,0.0007489961571991444,0.0007339842850342393,0.0006705361302010715,0.0006008651107549667,0.00052479631267488,0.0006010542274452746,0.0006787189049646258,0.004894682671874762,0.004170988220721483
86,0.0005786613910458982,0.0005920846597291529,0.0006229718565009534,0.0007205867441371083,0.000709384330548346,0.0006242871168069541,0.0006020422442816198,0.0005654187989421189,0.0005401773378252983,0.0005066322046332061,0.0004094750329386443,0.0005097995162941515,0.0005546166212297976,0.0038781175389885902,1.5625e-06,0.003298416966572404,0.0006637420738115907,0.0007114103063941002,0.0007321684388443828,0.0008191962842829525,0.0008618055144324899,0.0007610977627336979,0.0007331050001084805,0.0007057181792333722,0.0006410860223695636,0.0005690900725312531,0.00044154628994874656,0.0005507878377102315,0.0006338943494483829,0.004599271807819605,0.003920454066246748
87,0.0005879671662114561,0.0006018313579261303,0.0006280363304540515,0.0007246898021548986,0.000717483286280185,0.0006263463292270899,0.000602694577537477,0.0005704904906451702,0.0005387707496993244,0.0005008334992453456,0.00041054701432585716,0.0005135649698786438,0.0005573826492764056,0.00389197189360857,1.5625e-06,0.003308845916762948,0.0006754697533324361,0.0007413204293698072,0.0007724898750893772,0.0008593315142206848,0.0008715305011719465,0.000758324284106493,0.0007585252751596272,0.0007328020292334259,0.000686461222358048,0.0006057913997210562,0.0004774353583343327,0.0005988853517919779,0.0006597125320695341,0.0047995964996516705,0.004092052113264799
88,0.0005964185111224651,0.0006149511900730431,0.0006453968235291541,0.0007396015571430326,0.0007331474334932864,0.0006417470867745578,0.0006208809209056199,0.0005869368324056268,0.0005560832796618342,0.0005164153408259153,0.00042299641063436866,0.0005265204817987978,0.0005700780311599374,0.003993331920355558,1.5625e-06,0.003395548788830638,0.0007094391621649265,0.0007611146429553628,0.0007737603154964745,0.0008357032784260809,0.0008542572613805532,0.0007361829630099237,0.0007216061931103468,0.0006989894900470972,0.0006488516228273511,0.000585575180593878,0.00045621319441124797,0.0005856084753759205,0.0006638982449658215,0.004648661240935326,0.003953954204916954
89,0.0005535344243980944,0.0005750143900513649,0.0006045153131708503,0.000694345508236438,0.0006969114183448255,0.0006064525805413723,0.0005838918150402606,0.0005484967259690166,0.0005169137148186564,0.0004799414018634707,0.0003943345509469509,0.0004894143785350025,0.0005289193941280246,0.0037597669288516045,1.5625e-06,0.003200330538675189,0.000694812391884625,0.0007419849280267954,0.0007486174581572413,0.0008251409744843841,0.0008477491792291403,0.0007189926691353321,0.0007040934287942946,0.000686084502376616,0.0006288685835897923,0.0005640215240418911,0.0004567586292978376,0.0005709867109544575,0.0006476821727119386,0.004601883701980114,0.003922206815332174
90,0.0006065803463570774,0.0006250340375117958,0.0006523994961753488,0.0007402178598567843,0.0007385503267869353,0.0006511294050142169,0.0006291118916124105,0.0005945453885942698,0.0005597232957370579,0.0005155521794222295,0.00042198211303912103,0.0005254002171568573,0.0005767140537500381,0.004028300289064646,1.5625e-06,0.0034254565834999084,0.0007045950624160469,0.0007418153691105545,0.0007547257700935006,0.0008494912181049585,0.0008201086311601102,0.0007250735070556402,0.0007019234471954405,0.0006643788074143231,0.000607227033469826,0.0005346848047338426,0.00046538133756257594,0.0005558704142458737,0.0006439029821194708,0.004565806593745947,0.003891255706548691
91,0.000588413211517036,0.00060738978208974,0.0006375824450515211,0.0007322356104850769,0.0007392095285467803,0.0006506682257167995,0.0006267279386520386,0.000591950083617121,0.0005599980358965695,0.0005162779707461596,0.00043100304901599884,0.000517571228556335,0.0005667962250299752,0.003992815501987934,1.5625e-06,0.003395446576178074,0.0007168306037783623,0.0007655973895452917,0.0007960750954225659,0.0008954494842328131,0.0009060639422386885,0.0007851496338844299,0.0007697984692640603,0.0007343683391809464,0.0006753020570613444,0.0006029419018886983,0.00048817493370734155,0.0005829415749758482,0.0006684530526399612,0.004888762254267931,0.004166673868894577
92,0.0005794786848127842,0.0005957387038506567,0.0006268087890930474,0.000717944698408246,0.0007126108976081014,0.000629973947070539,0.0006063861073926091,0.000571827229578048,0.000544051406905055,0.0004997343057766557,0.0004108278953935951,0.0005071369232609868,0.0005499674589373171,0.003887845203280449,7.8125e-07,0.003306884318590164,0.0006378508405759931,0.0007108656573109329,0.0007516937330365181,0.0008228148217312992,0.0007985479896888137,0.0006827837787568569,0.0006677506025880575,0.0006406605243682861,0.0005686212098225951,0.0005611213273368776,0.00048273688298650086,0.0005735440645366907,0.0005898512317799032,0.00444817915558815,0.003795190714299679
